{
  "no_action": {
    "mean": -187.7628173828125,
    "std": 41.10531997680664,
    "min": -234.88687133789062,
    "max": -93.84427642822266,
    "median": -203.5989227294922
  },
  "thi_threshold": {
    "mean": -19.034276962280273,
    "std": 11.669502258300781,
    "min": -52.09162521362305,
    "max": 10.100170135498047,
    "median": -18.89345932006836
  },
  "cbt_threshold": {
    "mean": -19.689973831176758,
    "std": 15.730010986328125,
    "min": -64.6887435913086,
    "max": 9.360396385192871,
    "median": -16.015853881835938
  },
  "combined": {
    "mean": -16.446880340576172,
    "std": 12.452312469482422,
    "min": -67.32056427001953,
    "max": 3.8710696697235107,
    "median": -16.08257293701172
  },
  "proactive": {
    "mean": -16.982389450073242,
    "std": 12.531455993652344,
    "min": -53.02288055419922,
    "max": 5.122118949890137,
    "median": -16.803220748901367
  },
  "PPO": {
    "mean": -10.983695030212402,
    "std": 12.037176132202148,
    "min": -43.49675369262695,
    "max": 9.188124656677246,
    "median": -9.545656204223633
  },
  "DQN": {
    "mean": -5.844653129577637,
    "std": 10.739302635192871,
    "min": -30.314062118530273,
    "max": 19.30363655090332,
    "median": -4.101293563842773
  },
  "A2C": {
    "mean": -45.488441467285156,
    "std": 27.870975494384766,
    "min": -152.33761596679688,
    "max": -9.072514533996582,
    "median": -36.11798095703125
  },
  "statistical_tests": {
    "PPO vs Combined": {
      "t_statistic": 3.138603206107385,
      "p_value_ttest": 0.00195727351737917,
      "u_statistic": 6275.0,
      "p_value_mannwhitney": 0.0009225374208232074,
      "cohens_d": 