{
  "No Action": {
    "mean_reward": 18.097276613090916,
    "std_reward": 4.446161279871079,
    "mean_comfort": 0.860060658459596,
    "std_comfort": 0.04814014035471592,
    "mean_cbt": 38.501900272084356,
    "std_cbt": 0.10498761425325492,
    "rewards": [
      20.654103963636366,
      18.34358871515152,
      20.275968581818187,
      17.250034569696986,
      19.71488721212122,
      18.339738800000013,
      20.801185345454545,
      20.61843149090909,
      20.389481054545456,
      20.41283213333334,
      21.75977767272728,
      13.48199703030302,
      20.27706441212122,
      20.085184472727274,
      11.913820787878802,
      19.907369018181818,
      20.841495745454548,
      20.74860945454546,
      20.54495378181819,
      20.19638932121212,
      18.541965090909102,
      17.960223296969694,
      11.148135151515163,
      13.348484242424258,
      19.32218820606061,
      15.011216375757577,
      5.989195151515157,
      18.94449789090908,
      20.48357221818182,
      21.02413134545455,
      -3.449575757575754,
      20.40187923636364,
      13.318590303030309,
      18.041019684848486,
      20.463329054545454,
      15.62402242424243,
      18.312841030303026,
      20.180437866666665,
      20.34615552727272,
      20.48945098181818,
      20.422069927272723,
      17.14559551515152,
      12.629361539393953,
      20.54119871515151,
      20.99916517575759,
      20.52877796363637,
      19.67811647272727,
      20.076318484848485,
      21.63324625454545,
      19.151307721212124
    ]
  },
  "THI Threshold": {
    "mean_reward": 13.574688576969699,
    "std_reward": 5.026904564023114,
    "mean_comfort": 0.8125254438131314,
    "std_comfort": 0.05793648185403036,
    "mean_cbt": 38.34253743195896,
    "std_cbt": 0.10079835651779696,
    "rewards": [
      14.067725999999999,
      13.995970424242422,
      18.042119236363636,
      13.762261345454547,
      15.495276654545455,
      14.973564145454555,
      13.975925890909092,
      -7.373682424242418,
      14.737209442424247,
      16.4911468969697,
      16.94787243636365,
      16.151275721212127,
      9.194843636363636,
      17.32402454545454,
      14.089378654545458,
      16.612548690909087,
      3.7179781454545546,
      15.446641490909089,
      11.31454486060607,
      14.223473381818183,
      9.736892727272727,
      16.733729054545456,
      12.888435212121216,
      9.800411345454537,
      17.009449200000006,
      16.517578036363634,
      9.122043927272735,
      -6.7946403757575755,
      15.885960400000005,
      11.366434703030306,
      13.737461018181818,
      14.999254181818188,
      16.01079970909091,
      16.534770909090906,
      13.95096814545454,
      9.234284472727285,
      14.43607872727273,
      17.61675636363637,
      16.08912832727273,
      16.73118705454546,
      15.024951527272723,
      15.168889309090916,
      13.515551672727277,
      14.736176945454552,
      14.058222351515159,
      15.960842678787886,
      17.55689168484848,
      16.474108436363636,
      16.793250654545453,
      14.648461272727268
    ]
  },
  "CBT Threshold": {
    "mean_reward": 17.121001349333337,
    "std_reward": 6.093955423263448,
    "mean_comfort": 0.859032606691919,
    "std_comfort": 0.04314049384210333,
    "mean_cbt": 38.47154826888762,
    "std_cbt": 0.07021520784854224,
    "rewards": [
      20.37312305454545,
      18.296672933333333,
      20.508507563636357,
      20.475522909090902,
      19.75067383030304,
      20.189389684848486,
      20.849013454545453,
      20.45318345454546,
      18.53716487272729,
      16.927526327272737,
      2.0029417212121228,
      11.837804848484863,
      -2.8523787878787763,
      20.436962109090903,
      12.060713175757584,
      20.55604356363637,
      19.76009327272727,
      20.052343745454547,
      15.484037333333339,
      10.783438703030312,
      20.519646254545453,
      19.331454193939393,
      15.235719248484855,
      -3.3239581818181803,
      20.775477636363636,
      20.54384970909092,
      20.711489818181818,
      20.618085309090905,
      20.656272072727262,
      18.848444472727273,
      20.287480763636356,
      17.335861903030306,
      4.05812848484849,
      17.110844981818186,
      20.471302072727273,
      20.116862800000007,
      14.713305454545461,
      20.459881454545453,
      20.43120421818182,
      20.00452796363637,
      18.31704770909092,
      16.83476787878787,
      19.847487563636363,
      20.779643636363634,
      20.86386949090909,
      3.0695006060606165,
      21.409185199999985,
      18.99943850909091,
      19.940373890909086,
      20.60009458181818
    ]
  },
  "Random": {
    "mean_reward": 12.90763639709091,
    "std_reward": 5.717351616465308,
    "mean_comfort": 0.8030076994949498,
    "std_comfort": 0.04924578132909398,
    "mean_cbt": 38.338386026697364,
    "std_cbt": 0.1012147899712236,
    "rewards": [
      16.678369672727275,
      15.762237963636363,
      15.345934630303026,
      14.071647345454538,
      15.351670945454547,
      13.50977152727273,
      14.971947187878794,
      12.59696844848485,
      15.77988781818182,
      15.327414909090908,
      14.66374829090909,
      17.6455251030303,
      -7.412536363636358,
      8.204090848484851,
      14.575935103030305,
      9.648817806060618,
      16.04697240000001,
      16.646579672727277,
      -4.758991515151507,
      15.243723672727274,
      -6.111356363636359,
      14.672597236363636,
      15.670215890909093,
      14.058174727272734,
      16.37614272727273,
      4.231087272727276,
      15.703599090909092,
      7.1326878787878965,
      16.47148665454545,
      15.729905018181821,
      15.130288315151521,
      15.891446109090905,
      15.974215200000005,
      10.921265915151508,
      15.55008883636364,
      16.12786516363637,
      14.91625490909091,
      16.6488176,
      16.21253487272727,
      16.12947061818181,
      15.63014189090909,
      4.464500909090909,
      15.089367212121216,
      7.528320000000008,
      16.5873544,
      11.426941345454555,
      10.529858400000002,
      16.422872218181823,
      15.976018945454543,
      14.389941393939406
    ]
  },
  "Standard DQN": {
    "mean_reward": 17.90622555660606,
    "std_reward": 3.945802203245449,
    "mean_comfort": 0.8497946698232323,
    "std_comfort": 0.0511040940423631,
    "mean_cbt": 38.5219308222874,
    "std_cbt": 0.10575170858418308,
    "action_distribution": [
      1.0,
      0.0,
      0.0,
      0.0
    ],
    "rewards": [
      11.842941212121213,
      16.97592101818182,
      20.8125878909091,
      20.647349018181814,
      20.565860254545456,
      18.83859393939394,
      20.50989516363636,
      9.876876363636372,
      0.48373888484848204,
      20.463511454545458,
      20.824721830303034,
      19.348325018181818,
      20.392565515151514,
      16.758832703030308,
      20.40037012121212,
      18.915954739393946,
      20.198245127272724,
      20.75619538181818,
      18.931044060606073,
      20.16094712727272,
      20.32574767272728,
      20.27706441212122,
      20.535901006060605,
      20.111618690909083,
      17.167445733333334,
      15.206188193939393,
      20.667934400000004,
      13.115368569696976,
      20.118824642424233,
      18.617023696969703,
      11.729118787878793,
      20.397009793939393,
      19.77287658181819,
      18.801514339393936,
      20.2082908969697,
      19.598495430303036,
      20.540862533333335,
      13.730991515151503,
      18.761574581818184,
      20.390849599999996,
      17.90708837575757,
      20.25599629090909,
      17.087059212121215,
      10.924243030303044,
      20.520914545454556,
      13.282056969696956,
      12.457122242424246,
      19.930989951515155,
      20.619544836363634,
      14.54708447272728
    ]
  },
  "Double DQN": {
    "mean_reward": 16.50312958109091,
    "std_reward": 6.192694940313114,
    "mean_comfort": 0.8575202575757576,