{
  "No Action": {
    "mean_reward": 17.18937514666667,
    "std_reward": 6.242261612599812,
    "mean_comfort": 0.8556038131313132,
    "std_comfort": 0.045462564697872236,
    "mean_cbt": 38.48205786710641,
    "std_cbt": 0.08661105887650992,
    "rewards": [
      -3.3099515151515084,
      20.58691962424243,
      20.475596254545454,
      20.56595301818183,
      19.275856327272738,
      11.401980000000012,
      19.309590387878792,
      16.464385454545457,
      19.835433696969694,
      20.839785418181823,
      20.057739054545454,
      15.74393610909091,
      20.08072305454545,
      18.738963527272723,
      19.886063030303024,
      18.660905793939396,
      19.76560621818182,
      20.654313454545452,
      19.616726133333334,
      20.121318060606058,
      -3.3239581818181803,
      -3.8906357575757453,
      20.26791014545455,
      20.447011745454542,
      17.252994557575757,
      18.420164690909097,
      14.764197854545444,
      20.836883054545464,
      19.820327406060613,
      20.519646254545453,
      19.71126899393939,
      8.32563818181819,
      17.233482848484854,
      20.255572472727273,
      20.89868949090909,
      15.491663127272734,
      18.39791170909092,
      20.675143090909092,
      17.472000181818178,
      19.60699555151515,
      4.864563030303041,
      18.742536012121214,
      21.65071054545455,
      20.933306327272735,
      20.968881090909083,
      20.55380305454545,
      8.94008606060606,
      20.211719442424236,
      19.245114557575764,
      21.403286690909088
    ]
  },
  "THI Threshold": {
    "mean_reward": 14.086527723636364,
    "std_reward": 3.217817223529168,
    "mean_comfort": 0.7954034551767678,
    "std_comfort": 0.06910517143879187,
    "mean_cbt": 38.34318989328601,
    "std_cbt": 0.08870085623258746,
    "rewards": [
      14.309316218181822,
      12.746722678787892,
      11.957852339393943,
      14.011430266666673,
      14.866957018181816,
      15.444815090909088,
      0.09143503030302955,
      14.928991466666671,
      18.01103149090909,
      13.767379272727274,
      17.144362678787882,
      14.658524654545458,
      14.555641890909088,
      6.661035309090921,
      14.973564145454555,
      14.987907454545457,
      17.54812246060607,
      13.079208363636369,
      15.170983672727274,
      13.424545418181818,
      18.06009349090909,
      17.79715603636364,
      17.940985927272727,
      14.037448072727274,
      10.714027745454551,
      16.460785054545454,
      16.740366436363633,
      11.136913454545448,
      17.020816254545455,
      16.156470921212126,
      15.473029818181823,
      14.04553636363636,
      16.673196654545453,
      12.702262096969706,
      8.432320000000002,
      14.220841163636363,
      8.284647272727286,
      9.626615527272724,
      16.440457915151516,
      16.147798860606073,
      14.197233236363642,
      13.54201002424243,
      13.43867930909091,
      17.685331309090902,
      14.067115381818187,
      12.345214896969713,
      14.682349054545456,
      13.68489669090909,
      14.739467309090907,
      15.49249298181818
    ]
  },
  "CBT Threshold": {
    "mean_reward": 17.41711580533333,
    "std_reward": 6.319977922298422,
    "mean_comfort": 0.8560617159090909,
    "std_comfort": 0.05147237689002297,
    "mean_cbt": 38.4771536182685,
    "std_cbt": 0.08352790958019551,
    "rewards": [
      20.41696669090908,
      19.88949065454545,
      19.909254945454542,
      20.598916763636364,
      20.50868505454544,
      20.15629421818182,
      22.149204909090905,
      14.83562787878788,
      19.215054230303032,
      -2.9831581818181823,
      -5.332554969696972,
      19.5526708,
      21.461252036363636,
      18.272504545454563,
      18.771514072727275,
      20.899007854545445,
      20.167445963636357,
      19.373910872727276,
      5.655929696969707,
      18.44686424242426,
      20.453953418181815,
      16.84871151515152,
      20.57038145454546,
      19.823235090909094,
      17.657725430303035,
      19.76303210909091,
      20.70597563636364,
      20.33602374545455,
      19.80237690909091,
      19.834884921212122,
      19.980358145454545,
      14.321525333333343,
      20.57042225454546,
      19.95882941818182,
      19.227503890909095,
      20.90417792727273,
      20.601403054545464,
      -3.471137418181819,
      15.106710666666674,
      16.44941687272727,
      18.810989127272723,
      20.522772799999995,
      19.447572109090913,
      15.607964848484844,
      20.871378109090905,
      4.3423160727272885,
      18.986425090909087,
      18.6876896,
      20.401831745454537,
      21.76645810909091
    ]
  },
  "Random": {
    "mean_reward": 14.401718834666667,
    "std_reward": 2.829673383648491,
    "mean_comfort": 0.800043383838384,
    "std_comfort": 0.04647220205815692,
    "mean_cbt": 38.35904580132133,
    "std_cbt": 0.08930086637611778,
    "rewards": [
      10.771603636363634,
      16.07962192727273,
      8.18334,
      16.3565932,
      16.05666254545455,
      16.217487454545463,
      16.356560109090914,
      14.142807200000009,
      16.018391745454547,
      15.224985951515153,
      17.76468167272727,
      15.377788545454544,
      14.810557345454548,
      14.583361975757573,
      15.832761381818184,
      15.375868933333333,
      16.08534541818182,
      17.28637472727273,
      15.989622000000006,
      15.709286763636367,
      12.658162921212122,
      16.131390218181817,
      12.597883915151522,
      15.78462848484849,
      14.530710751515159,
      10.402802387878783,
      16.256817345454543,
      14.878766060606075,
      14.481889599999997,
      5.130387745454557,
      16.138661345454555,
      15.730655854545454,
      15.984872545454554,
      16.682873090909094,
      5.994008484848484,
      14.772526800000001,
      13.925070824242425,
      6.86949212121214,
      14.154030678787882,
      13.894290436363647,
      15.902982400000008,
      14.083519563636377,
      13.328570048484854,
      15.370913200000002,
      16.426744436363634,
      15.484662509090906,
      13.231489563636366,
      10.713192775757571,
      16.68240327272727,
      17.637839818181817
    ]
  },
  "Standard DQN": {
    "mean_reward": 17.823862421818184,
    "std_reward": 5.474330839413322,
    "mean_comfort": 0.8550128005050506,
    "std_comfort": 0.053526903046422464,
    "mean_cbt": 38.4868011351819,
    "std_cbt": 0.08843332495024087,
    "action_distribution": [
      1.0,
      0.0,
      0.0,
      0.0
    ],
    "rewards": [
      17.90708837575757,
      20.251028145454548,
      18.874473927272735,
      -2.3107696969696945,
      20.372100254545458,
      20.28460778181818,
      20.003366945454555,
      8.936623187878787,
      19.35680882424243,
      20.35936265454545,
      10.182513333333343,
      19.96339047272727,
      19.721103466666673,
      21.160573636363633,
      20.04208180606061,
      20.15419351515152,
      -2.3107696969696945,
      20.414569527272732,
      20.949857636363635,
      19.957834145454548,
      20.24513278787878,
      20.61098818181818,
      16.561321818181813,
      20.494469272727272,
      18.768678533333336,
      17.410368315151505,
      3.99701939393941,
      18.606034545454563,
      20.752385636363634,
      18.8479344848485,
      20.52846683636364,
      19.857860472727268,
      15.948379539393937,
      5.989195151515157,
      20.215335975757583,
      19.998568242424245,
      20.527550606060604,
      20.48511523636364,
      20.935616909090907,
      18.867520072727274,
      20.43251472727273,
      20.34914345454545,
      18.593046630303036,
      19.683250969696978,
      17.78691701818182,
      21.762215878787867,
      19.39754818181818,
      20.587175745454545,
      18.016383575757576,
      20.666944654545457
    ]
  },
  "Double DQN": {
    "mean_reward": 19.08617527418182,
    "std_reward": 3.1862497684131204,
    "mean_comfort": 0.8673692291666668,