{
  "No Action": {
    "mean_reward": 17.77095654109091,
    "std_reward": 4.14409876907488,
    "mean_comfort": 0.8618919444444443,
    "std_comfort": 0.04359410862434038,
    "mean_cbt": 38.492547043677206,
    "std_cbt": 0.1083853024627634,
    "rewards": [
      14.692931515151521,
      20.058966703030304,
      20.813339600000003,
      20.00799707878788,
      15.243124351515142,
      12.600226593939398,
      19.92275,
      18.758900593939398,
      15.650973866666675,
      20.247875903030312,
      13.86635969696971,
      19.696942787878776,
      3.99701939393941,
      15.510409090909086,
      14.382661454545442,
      18.99616630303031,
      20.192901381818178,
      19.820327406060613,
      15.489497103030308,
      9.65412484848486,
      20.923862072727278,
      20.817641054545447,
      20.405575454545456,
      17.528660400000007,
      17.167445733333334,
      9.413169806060617,
      15.14838666666667,
      20.70176629090909,
      20.354382921212117,
      20.588116290909095,
      18.984315018181817,
      4.094341212121222,
      20.478564145454545,
      20.74213637575757,
      20.25362767272727,
      20.79176505454545,
      17.131113551515153,
      20.69331072727273,
      20.535901006060605,
      11.6787956969697,
      20.840148727272727,
      20.816794109090914,
      20.546724836363644,
      20.4709310909091,
      21.898040109090918,
      18.94029983030303,
      20.638073127272726,
      16.410715163636365,
      20.393199454545456,
      19.556527781818176
    ]
  },
  "THI Threshold": {
    "mean_reward": 13.193969336000004,
    "std_reward": 3.374641887375444,
    "mean_comfort": 0.778246211489899,
    "std_comfort": 0.06273162537500454,
    "mean_cbt": 38.3442693786794,
    "std_cbt": 0.09940239878890693,
    "rewards": [
      14.9912128,
      13.673085515151522,
      12.144110303030303,
      13.339965527272732,
      14.493429600000002,
      16.223643503030313,
      17.853343793939395,
      16.753950884848482,
      3.5904654545454573,
      13.633872909090911,
      16.057131563636364,
      14.493240763636358,
      16.54690705454545,
      16.745113454545454,
      11.81368566060607,
      13.260155357575766,
      12.750873636363636,
      14.740939418181812,
      13.462444290909097,
      13.708239599999999,
      13.326911915151529,
      14.21934207272727,
      16.382768363636366,
      14.526300775757582,
      17.73423872727273,
      12.430977684848502,
      6.674643430303036,
      13.362477066666678,
      13.65275538181819,
      14.238334181818184,
      8.35730032727274,
      15.47975810909091,
      14.678694363636367,
      2.399676072727288,
      13.196471272727276,
      14.814746000000001,
      16.561370654545463,
      12.93346775757576,
      14.367591963636363,
      13.6223760969697,
      14.344398751515158,
      10.101371515151518,
      9.255145987878779,
      8.090878569696983,
      14.455108218181822,
      12.967237309090919,
      13.761183854545457,
      3.8823466666666753,
      13.990131090909092,
      15.614651527272725
    ]
  },
  "CBT Threshold": {
    "mean_reward": 16.97946977478788,
    "std_reward": 6.760208666368871,
    "mean_comfort": 0.870889922979798,
    "std_comfort": 0.04457470601279746,
    "mean_cbt": 38.46145043136278,
    "std_cbt": 0.09029559643017022,
    "rewards": [
      -2.682067272727261,
      20.63745141818182,
      17.717105915151507,
      19.683671890909086,
      19.80103316363637,
      9.682409090909092,
      13.31420241212122,
      20.536123054545456,
      18.661661127272726,
      19.850185854545458,
      18.67273323636365,
      20.747439854545455,
      20.345976800000003,
      19.896307745454543,
      1.9164872848484804,
      20.134300254545458,
      20.692814363636366,
      20.274665854545454,
      21.80016901818183,
      20.93702789090909,
      19.99596552727273,
      20.216399454545456,
      20.496927854545458,
      19.812793600000006,
      19.643721890909084,
      20.45698403636364,
      20.74737741818182,
      0.1893975757575845,
      19.391203393939396,
      12.57972629090909,
      21.176161672727275,
      4.340621818181833,
      -2.437949696969701,
      15.484037333333339,
      -2.0720363636363532,
      19.42881385454545,
      18.987757709090904,
      20.693219345454548,
      20.43120421818182,
      20.437577345454542,
      20.889480436363634,
      20.712423127272732,
      20.499042654545452,
      17.604524763636363,
      19.63945196363636,
      20.275968581818187,
      20.812197818181815,
      15.951200848484856,
      19.81222945454545,
      20.15736585454546
    ]
  },
  "Random": {
    "mean_reward": 13.355884112242425,
    "std_reward": 4.802977164442787,
    "mean_comfort": 0.8071137708333334,
    "std_comfort": 0.05047905100750311,
    "mean_cbt": 38.34196344392028,
    "std_cbt": 0.10101012021533964,
    "rewards": [
      16.22117905454545,
      15.257875939393955,
      15.50100887272727,
      2.487293333333348,
      12.997563503030305,
      16.069155345454554,
      16.024837854545456,
      14.910022436363645,
      16.25574214545455,
      15.946302436363634,
      15.364370860606067,
      12.082338303030303,
      14.957404327272736,
      14.745819163636366,
      16.049963199999993,
      13.88284287272728,
      16.025852472727266,
      15.846516981818183,
      15.087490278787877,
      15.8160076,
      13.890830799999998,
      17.132587272727278,
      14.242162424242435,
      15.403980181818179,
      10.950936678787865,
      13.67997334545455,
      7.510994545454547,
      15.608670945454547,
      14.459753599999996,
      16.634972448484852,
      15.93544636363637,
      16.78492272727273,
      17.269014945454547,
      14.461176545454558,
      10.38225179393939,
      15.857971393939392,
      -1.9843750909090971,
      11.534294557575757,
      10.544002327272734,
      12.609163527272724,
      12.46920917575758,
      15.09150385454546,
      14.057551624242421,
      13.99079198787879,
      1.7997018181818243,
      15.799131381818183,
      -6.942998181818178,
      15.427697418181825,
      16.01467730909091,
      15.648620909090916
    ]
  },
  "Standard DQN": {
    "mean_reward": 18.91878873745455,
    "std_reward": 2.8470181510255568,
    "mean_comfort": 0.8625561805555556,
    "std_comfort": 0.046973393970025784,
    "mean_cbt": 38.478311134782004,
    "std_cbt": 0.10081295851951527,
    "action_distribution": [
      1.0,
      0.0,
      0.0,
      0.0
    ],
    "rewards": [
      20.02520659393939,
      19.74057820606061,
      20.897030290909093,
      10.741139939393953,
      19.507193490909092,
      20.639715915151513,
      13.962521818181823,
      20.15310549090909,
      19.860621963636362,
      20.473229733333334,
      13.976818012121198,
      11.401980000000012,
      19.893849963636363,
      19.66487053333333,
      10.347113333333343,
      20.380595236363643,
      20.72558221818182,
      20.95343556363636,
      20.505692,
      20.302344327272728,
      20.39208505454545,
      22.04442432727273,
      20.0534148969697,
      17.616329018181823,
      20.07501905454545,
      20.050927406060616,
      19.699434145454546,
      20.54917225454546,
      20.537532290909095,
      20.34417356363636,
      20.513960836363644,
      20.851771963636363,
      16.769711951515156,
      20.63224785454546,
      19.512411042424244,
      18.959245272727262,
      11.80479212121213,
      21.56170530909091,
      18.851116618181816,
      18.90258269090909,
      20.56595301818183,
      17.82435678787881,
      20.37432378181818,
      19.439376484848488,
      20.52876718787878,
      20.116211600000007,
      20.229702812121218,
      14.424747878787867,
      18.923121563636368,
      19.638193454545462
    ]
  },
  "Double DQN": {
    "mean_reward": 18.207568385454547,
    "std_reward": 3.730595420906712,
    "mean_comfort": 0.8607498080808081,
    "std_comfort": 0.03957333678956175,