{
  "No Action": {
    "mean_reward": 17.57589074521212,
    "std_reward": 4.947263006452451,
    "mean_comfort": 0.8558553465909092,
    "std_comfort": 0.050488813441627915,
    "mean_cbt": 38.487668562249574,
    "std_cbt": 0.10096788657789259,
    "rewards": [
      20.560860836363638,
      20.67318214545455,
      19.00562380606061,
      20.675143090909092,
      17.467830836363653,
      5.918780606060618,
      19.683250969696978,
      18.32793792727273,
      17.03342488484848,
      19.731036048484846,
      20.295286145454547,
      20.41696669090908,
      18.76242253333334,
      12.031911515151513,
      21.567152109090912,
      15.74393610909091,
      15.640312290909094,
      20.469974545454548,
      20.47400678787879,
      15.590419466666667,
      19.330774,
      3.754926339393937,
      19.024040557575752,
      18.6210172848485,
      2.0659848484848524,
      20.15984778181818,
      -0.07671692121211865,
      20.46794072727273,
      20.514572800000007,
      18.912523648484854,
      20.292322072727274,
      18.443527963636367,
      20.59743552727273,
      20.81670789090909,
      20.781449890909087,
      20.183606145454554,
      20.47988647272727,
      20.175773454545457,
      21.130004727272727,
      16.13429887272728,
      17.51283463030303,
      20.058966703030304,
      20.51427465454545,
      18.386219842424243,
      19.94804193939394,
      20.650054145454547,
      18.75827533333333,
      12.33650969696971,
      10.709743030303043,
      18.04023385454547
    ]
  },
  "THI Threshold": {
    "mean_reward": 13.355313187878789,
    "std_reward": 5.4522815228912815,
    "mean_comfort": 0.8130979476010102,
    "std_comfort": 0.07805203729544985,
    "mean_cbt": 38.332439432222266,
    "std_cbt": 0.0825518476476725,
    "rewards": [
      4.906255151515169,
      14.506227527272722,
      13.690594181818183,
      1.7601151515151672,
      17.93358752727273,
      17.72947872727273,
      11.793237006060616,
      15.40872130909091,
      15.14334327272727,
      11.814335151515175,
      17.773428363636363,
      16.41231391515151,
      17.85756352727272,
      16.39348949090909,
      16.088329236363638,
      15.078615927272729,
      17.376351854545455,
      11.693361284848493,
      13.940777951515159,
      13.669192436363641,
      14.68049112727273,
      13.420334206060604,
      12.579640218181817,
      16.688211054545455,
      -5.289396363636371,
      5.746705830303044,
      13.787824327272729,
      14.457546630303034,
      14.189289272727269,
      -7.45568666666666,
      17.59251723636363,
      16.8536732969697,
      1.1110395030303013,
      13.389934036363641,
      13.575758872727278,
      17.14767294545455,
      13.494004109090918,
      15.027716581818176,
      14.678489454545458,
      14.963882363636362,
      16.644147054545456,
      16.503366121212125,
      16.318665709090908,
      15.381171709090916,
      16.897263903030314,
      13.678272072727271,
      17.754972739393935,
      13.57638570909091,
      17.29198473939395,
      12.110462606060617
    ]
  },
  "CBT Threshold": {
    "mean_reward": 17.84084869987879,
    "std_reward": 4.712603645017437,
    "mean_comfort": 0.8640090479797979,
    "std_comfort": 0.041150605693668386,
    "mean_cbt": 38.494129835022825,
    "std_cbt": 0.08001447818475589,
    "rewards": [
      18.241651006060604,
      19.6605808,
      19.535619551515158,
      20.481754290909088,
      9.01946363636365,
      21.67654367272727,
      19.63205887272727,
      9.89197090909092,
      20.67788156363636,
      20.570278218181826,
      13.03308545454546,
      18.166103175757573,
      20.706437890909093,
      21.620961781818178,
      21.784582800000003,
      19.133462872727282,
      17.33857471515151,
      19.83665730909091,
      19.313617648484847,
      20.77854523636364,
      20.193122072727274,
      20.111618690909083,
      20.47299185454546,
      22.06936610909091,
      20.28233836363636,
      19.742242145454544,
      5.300781818181828,
      20.53324930909091,
      18.933583309090906,
      17.059821212121214,
      17.05359871515152,
      20.790262254545457,
      20.506825127272737,
      -0.5871654545454439,
      20.54591261818182,
      20.457664072727287,
      16.762490230303033,
      10.221641818181823,
      20.724872654545454,
      20.774555381818182,
      21.71420756363636,
      6.137880606060617,
      19.846778472727276,
      17.886693539393942,
      16.45547872727272,
      20.021229236363638,
      14.182004084848494,
      20.126583563636352,
      15.584743636363637,
      17.037231854545457
    ]
  },
  "Random": {
    "mean_reward": 13.605860740848486,
    "std_reward": 5.221828110597321,
    "mean_comfort": 0.8011935233585861,
    "std_comfort": 0.04034451210329757,
    "mean_cbt": 38.32210543016065,
    "std_cbt": 0.09447445976216039,
    "rewards": [
      16.298318036363636,
      16.97018587878788,
      4.564678787878799,
      14.870701054545448,
      15.249013999999997,
      16.794772145454544,
      14.774085890909095,
      13.999989430303035,
      -1.0745569696969546,
      15.88349505454546,
      15.022850896969695,
      12.59021913939394,
      15.266141878787888,
      16.6070068,
      16.47320854545455,
      13.239795600000015,
      13.274050981818174,
      14.858124545454546,
      13.871274763636364,
      16.10177523636363,
      14.450250945454542,
      12.990292763636365,
      15.600694290909097,
      15.60710418181818,
      -3.8437381818181695,
      16.00299573333334,
      16.10323592727273,
      14.657340254545458,
      15.707907236363642,
      16.260194690909096,
      1.9169725939394078,
      15.791509600000005,
      16.214976109090905,
      16.347019672727267,
      16.512972727272732,
      15.699679090909099,
      16.021902218181825,
      13.393407260606065,
      16.191884872727268,
      15.594904036363637,
      16.14691756363636,
      -7.518998181818177,
      15.443280654545463,
      15.812661090909092,
      15.408416545454548,
      14.476813490909095,
      15.761446945454548,
      14.978848933333337,
      13.955918787878801,
      12.971093490909093
    ]
  },
  "Standard DQN": {
    "mean_reward": 17.872084314424242,
    "std_reward": 5.149390596965987,
    "mean_comfort": 0.8588324438131313,
    "std_comfort": 0.04547210862538529,
    "mean_cbt": 38.476665470036146,
    "std_cbt": 0.10612319180744312,
    "action_distribution": [
      1.0,
      0.0,
      0.0,
      0.0
    ],
    "rewards": [
      19.80524214545454,
      20.231406872727273,
      17.10471602424243,
      17.644713418181826,
      21.664057175757574,
      19.72069793939394,
      20.47369225454545,
      19.751506763636367,
      20.774555381818182,
      20.47369225454545,
      21.831199236363645,
      0.1096278787878878,
      21.69059929696969,
      18.031090460606066,
      20.528087636363637,
      20.374230303030302,
      20.51190127272727,
      20.087290581818195,
      6.7343684848484955,
      22.062000472727274,
      20.287480763636356,
      20.445577793939396,
      20.382058484848482,
      18.723346993939398,
      20.07640561212121,
      21.762215878787867,
      -0.0007696969696874556,
      17.604524763636363,
      18.967015478787896,
      19.57829198787879,
      17.40001963636365,
      11.877015151515156,
      18.53860832727273,
      20.514572800000007,
      9.017621818181816,
      14.007366424242438,
      18.49147814545455,
      19.495212109090915,
      17.43791101818181,
      20.00945974545455,
      20.36515429090909,
      19.64850036363637,
      20.579938387878784,
      19.635654727272726,
      4.066644848484849,
      19.813993745454543,
      20.549096727272726,
      20.558858727272728,
      20.429343600000006,
      13.736941212121218
    ]
  },
  "Double DQN": {
    "mean_reward": 16.153788728,
    "std_reward": 4.717902147916323,
    "mean_comfort": 0.8361655404040401,