{
  "No Action": {
    "mean_reward": 18.783025576000004,
    "std_reward": 3.1730412707169053,
    "mean_comfort": 0.8582805978535355,
    "std_comfort": 0.05019820404858683,
    "mean_cbt": 38.499453989631235,
    "std_cbt": 0.11413576806677081,
    "rewards": [
      20.46672225454545,
      18.950406533333336,
      19.669798884848483,
      20.096764096969697,
      20.137507527272728,
      20.357613721212115,
      20.869830290909093,
      16.958363430303034,
      20.22237254545454,
      20.455933309090913,
      20.458575890909106,
      17.250034569696986,
      20.60816207272728,
      20.129532678787875,
      15.46620607272728,
      20.54157776969697,
      19.738897115151513,
      20.449494181818192,
      2.970657139393941,
      15.672060096969703,
      18.527045672727287,
      20.333804606060607,
      18.779001927272724,
      18.793780303030307,
      22.04041237575758,
      18.354981842424245,
      20.461698484848476,
      18.44686424242426,
      12.621076363636371,
      20.62822196363637,
      16.725093454545465,
      20.442542254545447,
      19.70095734545455,
      18.669162848484852,
      19.898483745454545,
      20.94845648484848,
      21.035674145454543,
      20.579965006060604,
      20.308222,
      16.17485272727272,
      18.7230084969697,
      19.700440545454548,
      20.129532678787875,
      20.108635769696964,
      20.146061418181823,
      20.44398865454545,
      13.82069032727274,
      20.019219684848487,
      20.49009385454545,
      10.628799393939406
    ]
  },
  "THI Threshold": {
    "mean_reward": 14.356626500848485,
    "std_reward": 2.9963644221289063,
    "mean_comfort": 0.7968378756313134,
    "std_comfort": 0.07372150475020783,
    "mean_cbt": 38.356489483504554,
    "std_cbt": 0.10791435848878404,
    "rewards": [
      16.093439236363636,
      14.491983054545452,
      16.049991127272733,
      18.092734727272727,
      13.260155357575766,
      17.791507090909093,
      17.853153393939397,
      13.397076666666674,
      13.175359175757587,
      12.846140872727275,
      13.185950545454542,
      15.427431490909093,
      8.888401212121215,
      15.432426399999997,
      12.136470193939392,
      15.631432424242423,
      17.383849054545447,
      13.594024036363637,
      16.89103890909091,
      15.47534271515152,
      15.7405801939394,
      13.37061865454546,
      7.725672727272728,
      15.475404254545456,
      13.306528654545458,
      13.157035418181819,
      14.493367466666669,
      14.11919661818182,
      11.549898290909088,
      16.43925101818182,
      17.73091936969697,
      16.533793563636372,
      14.113083127272732,
      13.2140672,
      16.655373854545463,
      16.21135928484849,
      12.617740145454539,
      13.067921272727274,
      16.71654694545455,
      13.638522303030301,
      13.901308254545457,
      0.7952484848484969,
      16.528016036363635,
      16.611693745454538,
      15.07645356363636,
      14.530334763636363,
      16.751831854545458,
      8.426857575757591,
      16.419849381818178,
      15.814943333333332
    ]
  },
  "CBT Threshold": {
    "mean_reward": 18.00004757939394,
    "std_reward": 5.179868471458322,
    "mean_comfort": 0.859819182449495,
    "std_comfort": 0.044996743994504054,
    "mean_cbt": 38.499662559496976,
    "std_cbt": 0.07880674783891624,
    "rewards": [
      16.004419151515155,
      20.70245334545455,
      20.312719854545453,
      21.06024210909091,
      20.790262254545457,
      20.426748145454543,
      19.74892967272727,
      20.839785418181823,
      20.888237890909096,
      20.494600181818186,
      20.75887574545454,
      20.52597745454546,
      12.060713175757584,
      7.654051115151523,
      17.657725430303035,
      16.9873762060606,
      21.52215796363636,
      9.016598181818178,
      9.67372484848486,
      18.214598048484856,
      19.811086618181815,
      20.744638254545457,
      20.90404109090909,
      19.813993745454543,
      20.45769865454545,
      22.134736545454558,
      19.657182690909092,
      10.141422496969705,
      19.51604509090909,
      20.453054254545457,
      18.866664509090914,
      20.355039599999998,
      19.184561490909086,
      20.530713163636367,
      20.430953490909083,
      19.601091745454543,
      15.99391231515151,
      20.598814290909093,
      20.933306327272735,
      19.25574538181818,
      20.533154872727273,
      19.45980604848485,
      17.588220000000007,
      1.503200375757571,
      20.614801963636367,
      16.85192303030303,
      21.753506727272722,
      20.209847648484853,
      -3.8906357575757453,
      20.653656109090907
    ]
  },
  "Random": {
    "mean_reward": 13.154472015030308,
    "std_reward": 5.291462825606568,
    "mean_comfort": 0.8023963756313133,
    "std_comfort": 0.04043734804398463,
    "mean_cbt": 38.3616721833054,
    "std_cbt": 0.09818921180669946,
    "rewards": [
      15.392290800000007,
      11.791010593939406,
      2.8124630303030425,
      16.559159236363634,
      16.345971236363642,
      15.915595672727271,
      14.264856787878792,
      12.335275733333345,
      8.02658121212123,
      16.609450327272725,
      15.182522145454548,
      15.542199709090903,
      14.795241393939397,
      16.431665381818185,
      6.804299393939409,
      16.666182909090907,
      15.717181272727268,
      5.3832266666666735,
      16.983030909090914,
      16.07181756363637,
      11.557783333333346,
      15.995142630303025,
      16.453414072727274,
      13.38125922424244,
      3.636601212121223,
      17.617115454545456,
      9.326235745454559,
      14.723033866666668,
      -5.794026666666668,
      16.025840363636362,
      16.063773054545454,
      15.9814672,
      -3.4352042424242426,
      16.141678254545454,
      16.399293818181814,
      17.34957407272728,
      16.58077334545455,
      16.505369163636367,
      16.17937127272728,
      14.829635272727268,
      4.006598181818191,
      15.433189600000006,
      16.802428521212114,
      15.462482727272723,
      6.9108826909091015,
      15.504124254545465,
      16.394724581818185,
      15.629118872727279,
      12.259919151515163,
      14.171979745454546
    ]
  },
  "Standard DQN": {
    "mean_reward": 17.400789840242425,
    "std_reward": 5.302794153154848,
    "mean_comfort": 0.8677451180555557,
    "std_comfort": 0.0405133510572266,
    "mean_cbt": 38.47814001552036,
    "std_cbt": 0.11184055880127575,
    "action_distribution": [
      1.0,
      0.0,
      0.0,
      0.0
    ],
    "rewards": [
      8.874279393939394,
      19.118621951515156,
      7.693531515151524,
      17.580311915151523,
      19.672633866666672,
      17.884151781818176,
      20.581857927272722,
      20.543366909090906,
      -6.932874545454546,
      18.535317127272727,
      20.506825127272737,
      20.798924654545456,
      20.630730690909083,
      19.582888363636368,
      16.13429887272728,
      13.164098521212127,
      15.18188803636363,
      19.09409716363637,
      15.954736012121202,
      20.43252138181819,
      17.830312630303034,
      20.654103963636366,
      6.462288484848495,
      20.75199487272727,
      20.56993265454545,
      20.09768852121212,
      17.84908106666667,
      9.496395151515152,
      20.502715709090914,
      19.35360856969698,
      19.80714551515152,
      20.638073127272726,
      20.41696669090908,
      16.398763515151504,
      20.250171018181813,
      20.34211650909091,
      20.540862533333335,
      20.714814399999995,
      20.43488981818182,
      5.35366484848486,
      20.523956363636366,
      21.89860760000001,
      19.911907975757575,
      15.093702630303019,
      17.25985189090909,
      19.844328545454538,
      20.723813781818183,
      14.74654848484849,
      14.980197503030311,
      21.55878096969697
    ]
  },
  "Double DQN": {
    "mean_reward": 18.843568125818177,
    "std_reward": 2.39498196796174,
    "mean_comfort": 0.8438936748737369,